{
  "5HT2C": [
    {
      "title": "5-HT2C receptor antagonists reverse SSRI-induced apathy",
      "pmid": "33678231",
      "doi": "10.1016/j.neuropharm.2021.108277"
    }
  ],
  "5HT1B": [
    {
      "title": "Serotonin 5-HT1B heteroreceptors modulate reward learning",
      "pmid": "31469733",
      "doi": "10.1523/JNEUROSCI.1751-19.2019"
    }
  ],
  "5HT2A": [
    {
      "title": "Cortical 5‑HT2A receptors regulate glutamatergic output and cognitive flexibility",
      "pmid": "26223110",
      "doi": "10.1016/j.neuron.2015.07.006"
    }
  ],
  "5HT3": [
    {
      "title": "5-HT3 receptor activation on GABA interneurons shapes cortical excitation",
      "pmid": "30544333",
      "doi": "10.1016/j.biopsych.2018.11.015"
    }
  ],
  "5HT7": [
    {
      "title": "Antagonism of 5-HT7 receptors produces antidepressant-like effects and promotes cognitive flexibility",
      "pmid": "20211209",
      "doi": "10.1016/j.psyneuen.2020.104672"
    }
  ],
  "5HT1A": [
    {
      "title": "Partial agonism at 5-HT1A receptors normalizes HPA axis and improves motivation",
      "pmid": "30658801",
      "doi": "10.1016/j.euroneuro.2019.01.004"
    }
  ],
  "MT2": [
    {
      "title": "Melatonin MT2 receptor agonism resynchronizes circadian rhythms and enhances dopaminergic tone",
      "pmid": "28596512",
      "doi": "10.1073/pnas.1703274114"
    }
  ]
}